sCode,noPeriode,sDescription
AM-HP,125,LUN ‡ VEN 8h-23h SAM 9h-23h DIM 13h-18h EXCEPT… P…RIODES INTERDITES (micro/original)
AM-HP,1491,LUN ‡ VEN 8h-23h SAM 9h-23h DIM 13h-18h EXCEPT… P…RIODES INTERDITES (micro/original)
AM-HP,1492,LUN ‡ VEN 8h-23h SAM 9h-23h DIM 13h-18h EXCEPT… P…RIODES INTERDITES (micro/original)
AM-HR,108,LUN ‡ VEN 9h-21h et SAM DIM 9h-18h EXCEPT… P…RIODES INTERDITES (micro/original)
AM-HR,332,LUN ‡ VEN 9h-21h et SAM DIM 9h-18h EXCEPT… P…RIODES INTERDITES (micro/original)
AP-HP,125,LUN ‡ VEN 8h-23h SAM 9h-23h DIM 13h-18h EXCEPT… P…RIODES INTERDITES (parco) 
AP-HP,1491,LUN ‡ VEN 8h-23h SAM 9h-23h DIM 13h-18h EXCEPT… P…RIODES INTERDITES (parco) 
AP-HP,1492,LUN ‡ VEN 8h-23h SAM 9h-23h DIM 13h-18h EXCEPT… P…RIODES INTERDITES (parco) 
AP-HR,108,LUN ‡ VEN 9h-21h SAM et DIM 9h-18h EXCEPT… P…RIODES INTERDITES (parco) 
AP-HR,332,LUN ‡ VEN 9h-21h SAM et DIM 9h-18h EXCEPT… P…RIODES INTERDITES (parco) 
AQ-HP,125,LUN ‡ VEN 8h-23h SAM 9h-23h DIM 13h-18h EXCEPT… P…RIODES INTERDITES (QIM) 
AQ-HP,1491,LUN ‡ VEN 8h-23h SAM 9h-23h DIM 13h-18h EXCEPT… P…RIODES INTERDITES (QIM) 
AQ-HP,1492,LUN ‡ VEN 8h-23h SAM 9h-23h DIM 13h-18h EXCEPT… P…RIODES INTERDITES (QIM) 
AU-JQ,1493,LUN ‡ DIM 8 h - 20 h EXCEPT… P…RIODES INTERDITES
CC-AA,28,LUN ¿ VEN 9 h - 21 h SAM 9 h - 18 h DIM 13 h - 18 h
CC-AA,108,LUN ¿ VEN 9 h - 21 h SAM 9 h - 18 h DIM 13 h - 18 h
CC-AA,125,LUN ¿ VEN 9 h - 21 h SAM 9 h - 18 h DIM 13 h - 18 h
CC-AW,25,LUN ET MAR ET MER ET SAM 9 h - 18 h JEU ET VEN 9 h - 21 h DIM 13 h - 18 h
CC-AW,26,LUN ET MAR ET MER ET SAM 9 h - 18 h JEU ET VEN 9 h - 21 h DIM 13 h - 18 h
CC-AW,28,LUN ET MAR ET MER ET SAM 9 h - 18 h JEU ET VEN 9 h - 21 h DIM 13 h - 18 h
CC-AW,125,LUN ET MAR ET MER ET SAM 9 h - 18 h JEU ET VEN 9 h - 21 h DIM 13 h - 18 h
CC-BA,63,7 h - 22 h
CC-SX,108,LUN ¿ VEN 9 h - 21 h  SAM et DIM 9 h - 18 h
CC-SX,332,LUN ¿ VEN 9 h - 21 h  SAM et DIM 9 h - 18 h
CH-AA,28,LUN ¿ VEN 9 h - 21 h SAM 9 h - 18 h DIM 13 h - 18 h
CH-AA,108,LUN ¿ VEN 9 h - 21 h SAM 9 h - 18 h DIM 13 h - 18 h
CH-AA,125,LUN ¿ VEN 9 h - 21 h SAM 9 h - 18 h DIM 13 h - 18 h
CH-AC,34,LUN ¿ SAM 9 h - 18 h DIM 13 h - 18 h
CH-AC,125,LUN ¿ SAM 9 h - 18 h DIM 13 h - 18 h
CH-AW,25,LUN ET MAR ET MER ET SAM 9 h - 18 h JEU ET VEN 9 h - 21 h DIM 13 h - 18 h
CH-AW,26,LUN ET MAR ET MER ET SAM 9 h - 18 h JEU ET VEN 9 h - 21 h DIM 13 h - 18 h
CH-AW,28,LUN ET MAR ET MER ET SAM 9 h - 18 h JEU ET VEN 9 h - 21 h DIM 13 h - 18 h
CH-AW,125,LUN ET MAR ET MER ET SAM 9 h - 18 h JEU ET VEN 9 h - 21 h DIM 13 h - 18 h
CH-RT,142,9 h - 21 h
CH-RX,125,LUN ¿ SAM 9 h - 21 h DIM 13 h - 18 h
CH-RX,158,LUN ¿ SAM 9 h - 21 h DIM 13 h - 18 h
CH-SX,108,LUN ¿ VEN 9 h - 21 h SAM et DIM 9 h - 18 h
CH-SX,332,LUN ¿ VEN 9 h - 21 h SAM et DIM 9 h - 18 h
CH-TT,1372,24 HEURES - 7 JOURS SUR 7
CH-TX,259,LUN ¿ VEN. 9h - 18h
CH-VA,108,LUN ‡ VEN 9h - 21h et SAM et DIM 9h-18h
CH-VA,332,LUN ‡ VEN 9h - 21h et SAM et DIM 9h-18h
CH-VB,28,LUN ¿ VEN 9 h - 21 h SAM 9 h - 18 h DIM 13 h - 18 h
CH-VB,108,LUN ¿ VEN 9 h - 21 h SAM 9 h - 18 h DIM 13 h - 18 h
CH-VB,125,LUN ¿ VEN 9 h - 21 h SAM 9 h - 18 h DIM 13 h - 18 h
CH-ZA,1371,6 h - 17 h LUN ‡ VEN
CH-ZC,28,LUN ¿ VEN 9 h - 21 h SAM 9 h 18 h
CH-ZC,108,LUN ¿ VEN 9 h - 21 h SAM 9 h 18 h
CH-ZD,329,8h - 23h - TOUS LES JOURS - DUR…E MAX 3h
CH-ZE,1566,LUN AU SAM 9h - 23h
CH-ZY,28,SAM et DIM 9h - 18h
CH-ZY,1412,SAM et DIM 9h - 18h
CI-AC,39,STAT. INT. EXCEPT… LIVR. 8 h - 12 h LUN ¿ VEN
CI-AF,41,STAT. INT. EXCEPT… D…B. 18 h - 24 h
CI-AK,38,STAT. INT. 8 h - 9 h 30 LUN ¿ VEN
CI-AV,1639,STAT. INT. EXCEPT… LIVR. 8 h - 11 h LUN ¿ VEN
CI-DA,47,P 15 min D…B. 7 h - 9 h et 16 h - 18 h LUN ¿ VEN
CI-DA,100,P 15 min D…B. 7 h - 9 h et 16 h - 18 h LUN ¿ VEN
CI-DB,37,P 15 min D…B. 7 h -9 h 30 et 15 h 30 - 18 h LUN ¿ VEN
CI-DB,62,P 15 min D…B. 7 h -9 h 30 et 15 h 30 - 18 h LUN ¿ VEN
CI-DE,37,P 15 min D…B. 7 h - 9 h 30 LUN ¿ VEN
CI-NA,27,STAT. INT. LUN ‡ SAM  9h30 - 15h30
CI-NA,1365,STAT. INT. LUN ‡ SAM  9h30 - 15h30
CI-PB,53,ARRET INT. 15 h 30 - 17 h 30 LUN ¿ VEN
CI-QN,57,ARRET INT. 6 h 30 - 9 h 30 LUN ¿ VEN
CI-QO,58,ARRET INT. 15 h 30 - 18 h 30 LUN ¿ VEN
CI-QY,38,ARRET INT. 8 h - 9 h 30 et 16 h - 18 h LUN ¿ VEN
CI-QY,47,ARRET INT. 8 h - 9 h 30 et 16 h - 18 h LUN ¿ VEN
CI-RG,48,ARRET INT. 16 h - 18 h 30 LUN ¿ VEN
CI-SD,40,P 15 min.  DÈbarcadËre 7h-9h30 et 15h-18h Lun au Ven
CI-SD,175,P 15 min.  DÈbarcadËre 7h-9h30 et 15h-18h Lun au Ven
CI-SE,181,P 15 min DÈb. 7 h - 18 h LUN ¿ VEN
CI-SF,182,STAT. INT. 8 h - 18 h LUN ¿ SAM
CI-SH,47,STAT. INT. 7 h - 9 h ET 16 h - 18 h LUN ¿ VEN
CI-SH,100,STAT. INT. 7 h - 9 h ET 16 h - 18 h LUN ¿ VEN
CI-SL,33,STAT. INT. 9 h 30 - 16 h LUN ¿ VEN
CI-SV,1648,P 15 min 9h30 - 17h  LUN ¿ VEN
CI-SX,32,STAT. INT. 9 h ‡ 16 h LUN ¿ VEN
CI-TC,259,STAT. INT. 9 h - 18 h LUN-VEN
CI-TD,1649,STAT. INT. EXCEPT… LIVRAISON 12 h - 18 h. 
CI-TE,31,STAT. INT. 9 h - 15 h 30 LUN ‡ VEN zone de livraison
CP-AA,28,LUN ¿ VEN 9 h - 21 h SAM 9 h - 18 h
CP-AA,108,LUN ¿ VEN 9 h - 21 h SAM 9 h - 18 h
CR-AY,60,ARRET INT. 6 h - 9 h 30 LUN ¿ VEN AVEC REMORQUAGE
CR-QN,57,ARRET INT. 6 h 30 - 9 h 30 LUN ¿ VEN. AVEC REMORQUAGE
CR-QO,58,ARRET INT. 15 h 30 - 18 h 30 LUN ¿ VEN AVEC REMORQUAGE
CR-RN,80,ARRET INT. 15 h - 18 h 30 LUN ¿ VEN AVEC  REMORQUAGE
CR-SK,186,ARRET INT. 14 h 30 - 18 h 30 LUN ¿ VEN AVEC REMORQUAGE
CU-AA,25,LUN ET MAR ET MER ET SAM 9 h - 18 h JEU ET VEN 9 h - 21 h
CU-AA,26,LUN ET MAR ET MER ET SAM 9 h - 18 h JEU ET VEN 9 h - 21 h
CU-AA,28,LUN ET MAR ET MER ET SAM 9 h - 18 h JEU ET VEN 9 h - 21 h
CU-AC,34,LUN ¿ SAM 9 h - 18 h
GR-AA,1480,Stationnement gratuit 8h-10h  LUN-VEN (test GTR)
GR-AC,255,Stationnement gratuit 11h-14h  LUN-VEN (test GTR)
GR-AD,1481,Stationnement gratuit 12h-14h  LUN-VEN (test GTR)
GR-AE,1482,Stationnement gratuit 13h-14h LUN-VEN (test GTR)
GR-AJ,1372,Stationnement gratuit 00h-00h - 24h  LUN ‡ DIM (test GTR)
IN-AA,1473,Stationnement interdit 8h-9h LUN - VEN (test GTR)
IN-AB,1474,Stationnement interdit 8h-9h30 LUN-VEN (test GTR)
IN-AC,1434,Stationnement interdit 9h-12h LUN-VEN (test GTR)
IN-AD,1475,Stationnement interdit 9h-10h LUN-VEN (test GTR)
IN-AE,1476,Stationnement interdit 10h-11h LUN-VEN (test GTR)
IN-AF,1477,Stationnement interdit 10h-12h LUN-VEN (test GTR)
IN-AG,66,Stationnement interdit 12h-15h LUN-VEN (test GTR)
IN-AH,1483,Stationnement interdit 11h-12h LUN-VEN (test GTR)
IN-AI,1484,Stationnement interdit 14h-15h LUN-VEN (test GTR)
IN-AJ,1485,Stationnement interdit 16h-17h LUN-VEN (test GTR)
IN-AK,1486,Stationnement interdit 18h-19h LUN-VEN (test GTR)
IN-AL,255,Stationnement interdit 11h-14h LUN-VEN (test GTR)
IN-AM,1479,Stationnement interdit 13h-15h LUN-VEN (test GTR)
IN-AN,175,Stationnement interdit 15h-18h LUN-VEN (test GTR)
IN-AW,208,STAT. INT 01-14h LUN-DIM18h-23h59 MAR-VEN (GTR)
IN-AW,1567,STAT. INT 01-14h LUN-DIM18h-23h59 MAR-VEN (GTR)
IN-AX,1500,STAT.INT  06h-7h LUN - VEN (test GTR)
IN-RA,1475,ArrÍt interdit - remorquage 9h-10h LUN-VEN (test GTR)
IN-RB,1478,ArrÍt interdit - remorquage 10h-13h LUN-VEN (test GTR)
IN-RC,1479,ArrÍt interdit - remorquage 13h-15h LUN-VEN (test GTR)
IN-RD,1487,ArrÍt interdit - remorquage 15h-15h30 LUN-VEN (test GTR)
IN-RF,330,ArrÍt interdit - remorquage 12h-13h LUN-VEN (test GTR)
IN-RG,296,ArrÍt interdit - Remorquage 14h ‡ 16h (Test GTR)
IN-RH,330,STAT.INT 12h-13h LUN-VEN (test GTR)
IN-RI,1489,ArrÍt interdit - Remorquage 11h - 13 h (Test GTR)
IN-RJ,1486,Arret INT 18h-19h LUN ‡ VEN (Test GTR)
IN-RK,1477,ArrÍt interdit - Remorquage  10h - 12h (Test GTR)
IN-RL,252,ArrÍt interdit - Remorquage 11h - 16h (Test GTR)
IN-RM,1568,ArrÍt interdit - Remorquage 15h - 17h (Test GTR)
IN-RN,1484,ArrÍt interdit - Remorquage 14h - 15h (Test GTR)
IN-RO,1494,Arr. int 20-21 Lun - Ven (Test GTR)
IN-RP,1571,Arr.int 19h-20h Lun - ven (Test GTR)
IN-RQ,296,Arr inter 14-16 Lun-ven (Test GTR)
IN-RR,1572,Arr.int 20h - 22h Lun - ven (Test GTR)
IN-RS,172,Arr int 15h-16h Lun -vend (Test GTR)
MM-08,259,9 h - 18 h  LUN - VEN (8 $ MAX) (Test GTR)
MM-11,259,9 h - 18 h  LUN - VEN (11$ MAX)
MQ-12,1371,6 h - 17 h LUN ‡ VEN (12 $ MAX)
MT-10,1372,24h /24 7j /7 -  (10 $ / 24h)
MT-11,1372,24h /24 7j /7 -  (11 $ / 24h)
MT-12,1372,24h /24 7j /7 -  (12 $ / 24h)
MT-13,1372,24h /24 7j /7 -  (13 $ / 24h)
MT-14,1372,24h /24 7j /7 -  (14 $ / 24h)
MT-15,1372,24h /24 7j /7 -  (15 $ / 24h)
MT-16,1372,24h /24 7j /7 -  (16 $ / 24h)
MT-17,1372,24h /24 7j /7  (17$ / 24h)
MT-18,1372,24h /24 7j /7  (18$ / 24h)
MU-11,28,9h-21h LUN ‡ VEN 9h-18h SAM  (Max 11$)
MU-11,108,9h-21h LUN ‡ VEN 9h-18h SAM  (Max 11$)
MU-12,259,9 h - 18 h LUN - VEN (12 25$ MAX)
MU-18,1394,VEN 17h-00h SAM et DIM 24h (max 18$)
MU-18,1416,VEN 17h-00h SAM et DIM 24h (max 18$)
MV-11,28,9h-21h LUN ‡ VEN 9h-18h SAM et 13h-18h DIM (Max 11$)
MV-11,108,9h-21h LUN ‡ VEN 9h-18h SAM et 13h-18h DIM (Max 11$)
MV-11,125,9h-21h LUN ‡ VEN 9h-18h SAM et 13h-18h DIM (Max 11$)
MV-12,108,9 h - 21 h LUN - VEN  et 9h-18h SAM-DIM (1225 $ MAX)
MV-12,332,9 h - 21 h LUN - VEN  et 9h-18h SAM-DIM (1225 $ MAX)
MV-15,125,9 h - 21 h LUN - SAM  et 13h-18h DIM (1500 $ MAX)
MV-15,158,9 h - 21 h LUN - SAM  et 13h-18h DIM (1500 $ MAX)
MV-18,1445,17 h - 6 h LUN - VEN(18$ MAX)
MV-18,1447,17 h - 6 h LUN - VEN(18$ MAX)
MX-01,109,MAX 3 h18 h - 21 h LUN ¿ VEN
MX-02,28,MAX 3 h 9h - 18 h SAM et 13 h - 18 h DIM
MX-02,125,MAX 3 h 9h - 18 h SAM et 13 h - 18 h DIM
MX-03,142,MAX 4 h 9h - 21 h
MX-04,28,MAX 8 h 9h - 21 h LUN ‡ VEN 9 h - 18 h  SAM et 13 h - 18 h DIM
MX-04,108,MAX 8 h 9h - 21 h LUN ‡ VEN 9 h - 18 h  SAM et 13 h - 18 h DIM
MX-04,125,MAX 8 h 9h - 21 h LUN ‡ VEN 9 h - 18 h  SAM et 13 h - 18 h DIM
MX-05,28,MAX 11 h 9 h - 21 h LUN ‡ VEN 9 h - 18 h  SAM et 13 h - 18 h DIM
MX-05,108,MAX 11 h 9 h - 21 h LUN ‡ VEN 9 h - 18 h  SAM et 13 h - 18 h DIM
MX-05,125,MAX 11 h 9 h - 21 h LUN ‡ VEN 9 h - 18 h  SAM et 13 h - 18 h DIM
MX-06,28,MAX 3 h 9 h - 21 h LUN ‡ VEN 9h - 18 h SAM
MX-06,108,MAX 3 h 9 h - 21 h LUN ‡ VEN 9h - 18 h SAM
MX-07,28,MAX 3 h 9h - 18 h SAM
MX-10,125,MAX 3 h13 h - 18 h DIM
MX-11,34,MAX 3 h 9 h - 18 h LUN ‡ SAM
MX-12,108,MAX 3 h 9 h - 21 h LUN ‡ VEN
MX-14,28,MAX 4 h 9 h - 21 h LUN ‡ VEN 9h - 18h SAM13h - 18h DIM 
MX-14,108,MAX 4 h 9 h - 21 h LUN ‡ VEN 9h - 18h SAM13h - 18h DIM 
MX-14,125,MAX 4 h 9 h - 21 h LUN ‡ VEN 9h - 18h SAM13h - 18h DIM 
MX-16,28,MAX 12 h 9 h - 21 h LUN ‡ VEN 9h - 18h SAM 13h - 18h DIM  h 9 h - 21 h LUN ‡ VEN 9 h - 18 h SAM 13 h - 18 h DIM
MX-16,108,MAX 12 h 9 h - 21 h LUN ‡ VEN 9h - 18h SAM 13h - 18h DIM  h 9 h - 21 h LUN ‡ VEN 9 h - 18 h SAM 13 h - 18 h DIM
MX-16,125,MAX 12 h 9 h - 21 h LUN ‡ VEN 9h - 18h SAM 13h - 18h DIM  h 9 h - 21 h LUN ‡ VEN 9 h - 18 h SAM 13 h - 18 h DIM
MX-17,35,MAX 3 h18 h - 21 h JEU ET VEN
MX-21,25,MAX 3 h 9 h - 18 h LUN ET MAR ET MER ET SAM 9h - 21h JEU ET VEN
MX-21,26,MAX 3 h 9 h - 18 h LUN ET MAR ET MER ET SAM 9h - 21h JEU ET VEN
MX-21,28,MAX 3 h 9 h - 18 h LUN ET MAR ET MER ET SAM 9h - 21h JEU ET VEN
MX-22,125,MAX 5h 9h-23h samedi et 13h-18h dimanche
MX-22,1492,MAX 5h 9h-23h samedi et 13h-18h dimanche
MX-25,108,MAX 3 h 9 h - 21 h LUN ‡ VEN 9h - 18 h SAM et DIM
MX-25,332,MAX 3 h 9 h - 21 h LUN ‡ VEN 9h - 18 h SAM et DIM
MX-27,1569,Max 3h 9h - 23h Lun - dim
MX-28,259,3H 9 H - 18H LUN - VEND (GTR)
MX-32,332,MAX 3 h 9h - 18 h SAM et DIM
MX-44,108,MAX 4 h 9 h - 21 h LUN ‡ VEN 9h - 18h SAM et DIM
MX-44,332,MAX 4 h 9 h - 21 h LUN ‡ VEN 9h - 18h SAM et DIM
MX-50,159,MAX 5 h18 h - 23 h LUN ¿ VEN
MX-51,252,MAX 4h 11h - 16h  (Test GTR)
MX-52,1570,DurÈe Max 11h-23h 4h (Test GTR)
MX-61,1471,MAX 1h 9h - 20h LUN-VEN (TEST GTR)
MX-65,1391,MAX 3h 12h - 18h LUN-VEN (TEST GTR)
MX-66,28,MAX 10 h 9h - 21 h LUN ‡ VEN 9 h - 18 h  SAM et 13 h - 18 h DIM
MX-66,108,MAX 10 h 9h - 21 h LUN ‡ VEN 9 h - 18 h  SAM et 13 h - 18 h DIM
MX-66,125,MAX 10 h 9h - 21 h LUN ‡ VEN 9 h - 18 h  SAM et 13 h - 18 h DIM
MX-67,236,MAX 5h 15h-21h Lun -Vend (Test GTR)
MX-68,236,MAX 5h 15H-21H Lun-Ven (Test GTR)
MX-98,34,MAX 3h LUN AU SAM 9h - 18h
MX-99,125,MAX 3 h L-V 8h - 23 h SAM 9h - 23h DIM 13h - 18h
MX-99,1491,MAX 3 h L-V 8h - 23 h SAM 9h - 23h DIM 13h - 18h
MX-99,1492,MAX 3 h L-V 8h - 23 h SAM 9h - 23h DIM 13h - 18h
PA-TD,319,\P  RÈservÈ aux handicapÈs
PA-VL,1437,Interdit d attacher vÈlo aprËs un parcomËtre
PC-GR,1437,TarifÈ EXCEPT… pour les dÈtenteurs d'une vignette SRRR du secteur
PC-PI,1437,ExceptÈ pÈriodes interdites
PC-TD,319,RÈservÈe aux personnes handicapÈes
PC-VE,319,RÈservÈe vÈhicule Èlectrique en recharge (collant blanc officiel)
PC-VS,319,Stationnement rÈservÈ - vÈhicule Èlectrique seulement
PJ-02,174,Permis 24h (Payez-Affichez Payez-Partez) (Test GTR)
PJ-03,174,Permis journalier de minuit ‡ minuit (Test GTR)
R747,116,Pour paiement des billets pour les autobus STM # 747
SH-AA,28,LUN ¿ VEN 9 h - 21 h SAM 9 h 18 h
SH-AA,108,LUN ¿ VEN 9 h - 21 h SAM 9 h 18 h
SI-AA,37,ARRET INT. 7 h - 9 h 30 LUN ¿ VEN
SI-AB,38,ARRET INT.  8 h - 9 h 30 LUN ¿ VEN
SI-AC,232,STAT. INT. EXCEPT… LIVR. 6 h - 12 h LUN ¿ VEN
SI-AE,1615,ARRET INT. 7 h 30 - 9 h 30 LUN ¿ VEN
SI-AF,41,STAT. INT. EXCEPT… D…B. 18 h - 24 h
SI-AK,1474,STAT. INT. 8 h - 9 h 30 LUN ¿ VEN
SI-AV,45,STAT. INT. EXCEPT… LIVRAISON. 7h ‡ 11h LUN ¿ VEN
SI-AY,288,STAT. INT. 8 h - 15 h 30 LUN AU VEN
SI-AZ,62,P15 min D…B. 7 h - 10 h et 15 h 30 - 18 h  LUN ¿ VEN
SI-AZ,194,P15 min D…B. 7 h - 10 h et 15 h 30 - 18 h  LUN ¿ VEN
SI-BA,1381,ARR T INT. 5 h 30 - 21 h 30 LUN ¿ VEN
SI-BB,1420,P 15 min  9 h - 19 h 7 jours / 7
SI-BC,1421,P 15 min  7 h - 18 h 7 jours / 7
SI-BD,1493,P 15 MIN  8 h - 20 h 7 jours / 7
SI-DA,46,P 15 min D…B. 7 h - 9 h et 16 h - 18 h LUN ¿ VEN
SI-DA,47,P 15 min D…B. 7 h - 9 h et 16 h - 18 h LUN ¿ VEN
SI-DB,37,P 15 min D…B. 7 h -9 h 30 et 15 h 30 - 18 h LUN ¿ VEN
SI-DB,62,P 15 min D…B. 7 h -9 h 30 et 15 h 30 - 18 h LUN ¿ VEN
SI-DC,40,P 15 min D…B. 7 h 30 - 9 h 30 et 15 h 30 - 18 h LUN ¿ VEN
SI-DC,62,P 15 min D…B. 7 h 30 - 9 h 30 et 15 h 30 - 18 h LUN ¿ VEN
SI-DE,37,P 15 min D…B. 7 h - 9 h 30 LUN ¿ VEN
SI-DF,62,P 15 min D…B. 15 h 30 - 18 h LUN ¿ VENP 15 min D…B. 15 h 30 - 18 h LUN ¿ VEN
SI-DI,175,P 15 min D…B. 7 h  - 10 h et 15 h - 18 h LUN ¿ VEN
SI-DI,194,P 15 min D…B. 7 h  - 10 h et 15 h - 18 h LUN ¿ VEN
SI-DL,48,ARRET INT. 16 h - 18 h 30 LUN ¿ VEN 01/11 AU 31/12
SI-DM,48,0
SI-DN,100,P15min D…B. 7 h - 9 h LUN ¿ VEN 01 sept au 31 dÈc
SI-DO,100,P15min D…B. 7 h -9 h LUN ¿ VEN 01 jan au 30 juin
SI-DP,1371,STAT. INT. EXCEPT… PERMIS MENSUELS 6 h - 17 h LUN ¿ VEN
SI-DQ,174,STAT. INT. EN TOUT TEMPS - 1 AVRIL AU 31 OCT (saisonnier)
SI-DR,174,STAT. INT. EN TOUT TEMPS - 1 AVRIL AU 1 DEC(saisonnier)
SI-DV,1371,STAT. INT. EXCEPT… PERMIS MENSUELS 6 h - 17 h L ‡ V.
SI-DW,1436,STAT. INT. 7 h ou 8 h ou 9 h - 17 h
SI-DX,265,STAT. INT. 8h30 - 10h30 et 14h - 16h30 LUN - JEU 8h30 - 10h et 12h - 14h VEN 01 sept. au 31 dÈcembre
SI-DX,1370,STAT. INT. 8h30 - 10h30 et 14h - 16h30 LUN - JEU 8h30 - 10h et 12h - 14h VEN 01 sept. au 31 dÈcembre
SI-DX,1452,STAT. INT. 8h30 - 10h30 et 14h - 16h30 LUN - JEU 8h30 - 10h et 12h - 14h VEN 01 sept. au 31 dÈcembre
SI-DX,1453,STAT. INT. 8h30 - 10h30 et 14h - 16h30 LUN - JEU 8h30 - 10h et 12h - 14h VEN 01 sept. au 31 dÈcembre
SI-DY,265,STAT. INT. 8h30 - 10h30 et 14h - 16h30 LUN - JEU 8h30 - 10h et 12h - 14h VEN 01 janvier. au 30 juin
SI-DY,1370,STAT. INT. 8h30 - 10h30 et 14h - 16h30 LUN - JEU 8h30 - 10h et 12h - 14h VEN 01 janvier. au 30 juin
SI-DY,1452,STAT. INT. 8h30 - 10h30 et 14h - 16h30 LUN - JEU 8h30 - 10h et 12h - 14h VEN 01 janvier. au 30 juin
SI-DY,1453,STAT. INT. 8h30 - 10h30 et 14h - 16h30 LUN - JEU 8h30 - 10h et 12h - 14h VEN 01 janvier. au 30 juin
SI-DZ,203,STAT. INT. 7 h ‡ 17 h LUN ¿ VEN 01 juillet au 31 ao˚t
SI-EA,1514,STAT. INT. EXCEPT… LIVR. 8 h 30 - 10 h LUN ¿ VEN
SI-EB,1640,STAT. INT. EXCEPT… AUTOBUS. 7 h 30 - 15 h 30 LUN ¿ VEN
SI-EC,1516,STAT. INT. DÈbarcadËre. 15 mins 6 h - 18 h LUN ¿ VEN
SI-ED,108,STAT. INT. Livraison 9 h - 21 h LUN ¿ VEN
SI-EF,1547,STAT. INT. 5 h - 9 h 7jrs/7 EXCEPT… LIVRAISON
SI-MA,78,STAT. INT. 8 h - 9 h LUN ¿ VEN
SI-MB,1399,ARRET INT. 6 h ou 6 h 30 - 9 h LUN ¿ VEN
SI-MC,181,STAT. INT. 7h - 18h LUN ‡ VEN EXCEPT…  LIVRAISON
SI-NA,56,STAT. INT. 17 h - 9 h LUN ¿ DIM
SI-NA,101,STAT. INT. 17 h - 9 h LUN ¿ DIM
SI-NC,109,STAT. INT. 18 h - 21 h LUN ¿ VEN
SI-NE,1416,STAT. INT. 0 h - 24 h SAM et DIM
SI-NF,1417,P 15 min D…B 9 h - 18 h
SI-NG,54,STAT. INT. 13h - 17 h LUN ¿ VEN
SI-NQ,1444,STAT. INT. 10 h - 14 h 30 LUN ¿ VEN
SI-NR,1448,STAT. INT.19 h 30 - 24 h
SI-NT,1436,STAT. INT. 9  h - 17 h tous les jours exceptÈ livraison
SI-NU,296,STAT. INT. EXCEPT… D…B. 15 min 14h - 16h LUN ‡ VEN du 1 sept au 30 juin
SI-NV,1451,STAT. INT. 9  h - 17 h tous les jours exceptÈ livraison
SI-NW,181,P5 min DÈbarcadËre 7 h - 18 h LUN ¿ VEN (20/08 AU 31/12)
SI-NY,181,P5 min DÈbarcadËre 7 h - 18 h LUN ¿ VEN (01/01 AU 30/06)
SI-PA,52,STAT. INT. EXCEPT… PERMIS 18 h - 23 h
SI-PB,53,ARRET INT. 15 h 30 - 17 h 30 LUN ¿ VEN
SI-PC,54,STAT. INT. EXCEPT… LIVR. 13 h - 17 h LUN ¿ VEN 
SI-PD,1542,STAT. INT. EXCEPT… LIVR. 8 h - 17 h LUN ¿ VEN
SI-PE,47,ARRET INT. 16 h -18 h LUN ¿ VEN
SI-PG,41,STAT. INT. 18 h - 24 h
SI-PH,1451,STAT. INT. EXCEPT… LIVR. 9 h - 17 h
SI-PI,41,STAT. INT. EXCEPT… AUTOBUS 18 h - 24 h
SI-PJ,56,STAT. INT. 17 h - 24 h LUN AU DIM
SI-PK,260,STAT. INT. 9 h - 17 h LUN ¿ VEN EXCEPT… LIVRAISON
SI-PM,159,STAT. INT. 18 h - 23 h  LUN ¿ VEN
SI-PO,285,STAT. INT. 9 h - 13 h LUN ¿ SAM
SI-PP,203,P 15 min D…B 8 h - 17 h LUN ¿ VEN sept. ‡ juin
SI-PQ,203,P 15 min D…B 8 h - 17 h LUN ¿ VEN janvt. ‡ juin
SI-PT,40,P 15 min D…B. 7 h 30 - 9 h 30 et 16 h - 18 h LUN ¿ VEN
SI-PT,47,P 15 min D…B. 7 h 30 - 9 h 30 et 16 h - 18 h LUN ¿ VEN
SI-PU,124,ARR T INT. 6 h - 10 h LUN ¿ VEN
SI-PV,138,P 15 min D…B 7 h ‡ 16 h LUN ¿ VEN
SI-PX,37,P 15 min D…B 7 h - 9 h 30 15 h - 18 h LUN ¿ VEN sept. ‡ juin
SI-PX,175,P 15 min D…B 7 h - 9 h 30 15 h - 18 h LUN ¿ VEN sept. ‡ juin
SI-PY,37,P 15 min D…B 7 h - 9 h 30 15 h - 18 h LUN ¿ VEN sept. ‡ juin
SI-PY,175,P 15 min D…B 7 h - 9 h 30 15 h - 18 h LUN ¿ VEN sept. ‡ juin
SI-PZ,79,STAT. INT. 21 h - 8 h 30 LUN AU DIM
SI-PZ,306,STAT. INT. 21 h - 8 h 30 LUN AU DIM
SI-QA,40,P 15 min D…B 7h-9h30 15h-18h LUN ‡ VEN ao˚t ‡ juin
SI-QA,175,P 15 min D…B 7h-9h30 15h-18h LUN ‡ VEN ao˚t ‡ juin
SI-QC,1435,STAT. INT. 12 h - 17 h LUN ¿ VEN
SI-QF,37,ARRET INT. 7 h - 9 h 30 et 15 h 30 - 18 h 30 LUN ¿ VEN
SI-QF,58,ARRET INT. 7 h - 9 h 30 et 15 h 30 - 18 h 30 LUN ¿ VEN
SI-QG,46,ARRET INT. 7 h - 9 h LUN ¿ VEN
SI-QN,57,ARRET INT. 6 h 30 - 9 h 30 LUN ¿ VEN
SI-QO,58,ARRET INT. 15 h 30 - 18 h 30 LUN ¿ VEN
SI-QP,57,ARRET INT. 6 h 30 - 9 h 30 et 15 h 30 - 18 h 30 LUN ¿ VEN
SI-QP,58,ARRET INT. 6 h 30 - 9 h 30 et 15 h 30 - 18 h 30 LUN ¿ VEN
SI-QS,59,STAT. INT. EXCEPT… D…B. 18 h 30 - 24 h
SI-QY,38,ARRET INT. 8 h - 9 h 30 et 16 h - 18 h LUN ¿ VEN
SI-QY,47,ARRET INT. 8 h - 9 h 30 et 16 h - 18 h LUN ¿ VEN
SI-RB,37,ARRET INT. 7 h - 9 h 30 et 15 h - 18 h 30 LUN ¿ VEN
SI-RB,80,ARRET INT. 7 h - 9 h 30 et 15 h - 18 h 30 LUN ¿ VEN
SI-RE,1474,ARRET INT. 8 h - 9 h 30 LUN ¿ VEN
SI-RG,48,ARRET INT. 16 h - 18 h 30 LUN ¿ VEN
SI-RP,119,STAT. INT. EXCEPT… D…B. 13 h - 16 h LUN ¿ VEN
SI-RT,1631,8 h - 15 h LUN ¿ VEN
SI-RX,138,STAT.INT. EXCEPT… D…BARCAD»RE HANDICAP… 8h-16h LUN. ¿ VEN.
SI-RZ,138,STAT. INT. 7 h - 16 h LUN ¿ VEN EXCEPT… LIVRAISON
SI-SD,37,P 15 min.  DÈbarcadËre 7h-9h30 et 15h-18h Lun au Ven
SI-SD,175,P 15 min.  DÈbarcadËre 7h-9h30 et 15h-18h Lun au Ven
SI-SE,181,P 15 min DÈb. 7 h - 18 h LUN ¿ VEN
SI-SF,182,STAT. INT. 7h ‡ 18 h LUN ¿ SAM
SI-SG,184,STAT. INT. 8 h - 16 h LUN ¿ SAM
SI-SH,47,STAT. INT. 7 h - 9 h ET 16 h - 18 h LUN ¿ VEN
SI-SH,100,STAT. INT. 7 h - 9 h ET 16 h - 18 h LUN ¿ VEN
SI-SJ,41,STAT. INT. EXCEPT… D…B. 18 h - 00h - 3 h
SI-SK,230,STAT. INT. 7 h ‡ 17 h LUN ¿ SAM
SI-SL,33,STAT. INT. 9 h 30 - 16 h LUN ¿ VEN
SI-SN,80,ARRET INT. 6 h - 9 h et 15 h - 18 h 30 LUN ¿ VEN
SI-SN,179,ARRET INT. 6 h - 9 h et 15 h - 18 h 30 LUN ¿ VEN
SI-SR,203,STAT. INT. 7 h ‡  17 h LUN ¿ VEN
SI-SS,212,STAT. INT. EXCEPT… D…B. 9 h - 21 h DIM
SI-ST,218,STAT INT EXCEPT… LIVRAISON 9 h - 12 h
SI-SV,48,P 15 min D…B. 7 h 30 -9 h et 16 h - 18 h 30 LUN ¿ VEN
SI-SV,1633,P 15 min D…B. 7 h 30 -9 h et 16 h - 18 h 30 LUN ¿ VEN
SI-SX,1617,STAT. INT. 8 h ‡ 16 h LUN ¿ VEN
SI-SY,232,STAT. INT. 6 h ‡ 12 h LUN ¿ VEN
SI-SZ,41,STAT. INT. 18  h - 7 h
SI-TC,99,STAT. INT. 7h ‡ 15 h LUN ¿ VEN
SI-TD,240,STAT. INT. 8  h 30 - 15 h LUN ¿ VEN
SI-TF,203,ARR T INT.  LUN ¿ VEN 8 h - 17 h 15 AO€T au 31 dÈc ++++
SI-TG,179,ARRET INT. 6 h - 9 h  LUN ¿ VEN
SI-TI,203,ARR T INT.  LUN ¿ VEN 8 h - 17 h 1 JAN au 23 JUIN
SI-TJ,27,STAT. INT. 9  h 30 - 15 h 30 LUN ¿ VEN
SI-TK,1552,STAT. INT. 8 h - 19 h LUN ¿ VEN
SI-TM,1508,STAT. INT. 8 h - 18 h LUN ¿ VEN
SI-TN,33,STAT. INT. 9 h 30 - 16 h LUN ¿ VEN
SI-TO,33,STAT. INT. 9 h 30 - 16 h LUN ¿ VEN
SI-TQ,82,STAT. INT. 9 h 30 - 18 h LUN ¿ VEN
SI-TR,255,STAT. INT. 11 h - 14 LUN ¿ VEN
SI-TS,257,STAT. INT. 7 h - 15 h 30 LUN ¿ SAM
SI-TU,237,ARRET INT. 15 h - 19 h LUN ¿ VEN
SI-TX,182,P 15  min DÈbarcadËre 7 h - 18 h LUN ¿ SAM
SI-TY,295,STAT. INT. 8 h - 14 h LUN ¿ VEN
SI-TZ,194,STAT. INT. 8 h 10 h et 14 h - 16 h LUN ¿ VEN
SI-TZ,296,STAT. INT. 8 h 10 h et 14 h - 16 h LUN ¿ VEN
SI-UA,308,STAT. INT. 18 h - 21 h LUN AU DIM
SI-UB,309,P 15  min DÈbarcadËre 7h - 18h 30 LUN ¿ VEN
SI-UC,203,ARR T INT. 8h - 17h LUN ‡ VEN sept ‡ juin
SI-UD,203,ARR T INT. 8h - 17h LUN ‡ VEN sept ‡ juin
SI-UE,260,STAT. INT. 9 h - 17 h LUN ‡ VEN EXCEPT… LIVRAISON
SI-UF,316,STAT. INT. 9 h 30 - 13 h 30 LUN ¿ VEN
SI-UH,180,ARR T INT. EXCEPT… AUTOBUS 15H30 -19h LUN ¿ VEN
SI-UN,1544,STAT. INT. 8h - 12h  MER
SI-UO,98,STAT. INT.  EXCEPT… LIVRAISON 7H - 13H LUN ¿ VEN
SI-UP,37,ARR T INT. EXCEPT… BUS 7h-9h30 et 14h30-18h30  LUN ‡ VEN sept ‡ juin
SI-UP,186,ARR T INT. EXCEPT… BUS 7h-9h30 et 14h30-18h30  LUN ‡ VEN sept ‡ juin
SI-UQ,37,ARR T INT. EXCEPT… BUS 7h-9h30 et 14h30-18h30  LUN ‡ VEN sept ‡ juin
SI-UQ,186,ARR T INT. EXCEPT… BUS 7h-9h30 et 14h30-18h30  LUN ‡ VEN sept ‡ juin
SI-US,101,STAT. INT. EXCEPT… BUS 7h - 9h 1 mai au 1 oct
SI-UX,296,STAT. INT. EXCEPT… D…B. 15 min 14h - 16h LUN ‡ VEN du 1 sept au 30 juin
SI-UY,1577,STAT. INT. 6 h 30 - 16 h LUN-VEN 
SI-UZ,296,P 15  min DÈbarcadËre 9h30 - 10h30 et 14h - 16h LUN ¿ VEN
SI-UZ,1355,P 15  min DÈbarcadËre 9h30 - 10h30 et 14h - 16h LUN ¿ VEN
SI-WA,304,ARR T INTERDIT 14h - 19h LUN ‡ DIM 7 jours (travaux L-H)
SI-WA,1488,ARR T INTERDIT 14h - 19h LUN ‡ DIM 7 jours (travaux L-H)
SI-WB,175,P 15 min D…B. 6h -9 h et 15 h - 18 h LUN ¿ VEN
SI-WB,179,P 15 min D…B. 6h -9 h et 15 h - 18 h LUN ¿ VEN
SI-WC,1366,STAT. INT. 10 h - 15h  LUN ¿ VEN (Zone livraison)
SI-WD,41,STST.INT. ExeptÈ mobilitÈ rÈduite 18h-24h L-V et 8h-24h S-D
SI-WD,1565,STST.INT. ExeptÈ mobilitÈ rÈduite 18h-24h L-V et 8h-24h S-D
SI-WE,1579,STA. INT 9h-15h Mercredi - Livraison
SI-WF,1591,STAT. INT. ExceptÈ livraison 9h ‡ 17h LUN-MERC-VEN
SI-WG,288,STAT.INT.  7 h - 15 h 30 LUN ‡ VEN (exceptÈ livraison)
SI-WH,30,STAT. INT ExceptÈ livraison 9h-15h LUN ‡ VEN
SI-WI,39,STAT. INT. 7 h - 12 h LUN ‡ VEN exceptÈ livraison 26 mai au 05 sep
SI-WJ,174,STAT. INT. EN TOUT TEMPS 01 avril au 15 nov
SI-WK,1629,STAT. INT. 8h - 18h LUN ‡ SAM
SI-WL,1508,DÈbarcadËre 15 mins 8h - 18h  Lun ‡ Ven
SI-WM,30,STAT. INT. Livraison 9h - 15h LUN ‡ VEN
SI-WN,39,STAT. INT. EXCEPT… LIVRAISON. 8 h - 12 h LUN - VEN
SI-WO,248,STAT. INT. 7 h - 19 h exc. livraison LUN ‡ VEN
SI-WP,1542,STAT. INT. 8h - 17h LUN ‡ VEN ExceptÈ livraison
SI-WQ,1552,STAT. INT. 8h - 19h LUN - VEN ExceptÈ livraison
SI-WR,1631,STAT. INT. 8h - 15h LUN - VEN ExceptÈ livraison
SI-WS,1634,STAT. INT. 9h30 - 19h LUN - VEN
SI-WT,1636,STAT. INT. 6h30h - 18h LUN - VEN ExceptÈ livraison
SI-WU,1639,STAT. INT exceptÈ livraison. 8h - 11h LUN ‡ VEN 1 avril au 1dÈcembre
SI-WV,37,STAT. INT dÈbarcadËre 15 mins Lun ‡ Ven 7h-9h30 et 15h-18h
SI-WV,175,STAT. INT dÈbarcadËre 15 mins Lun ‡ Ven 7h-9h30 et 15h-18h
SP-AA,25,LUN ET MAR ET MER ET SAM 9 h - 18 h JEU ET VEN 9 h - 21 h
SP-AA,26,LUN ET MAR ET MER ET SAM 9 h - 18 h JEU ET VEN 9 h - 21 h
SP-AA,28,LUN ET MAR ET MER ET SAM 9 h - 18 h JEU ET VEN 9 h - 21 h
SR-AA,37,ARRET INT. 7 h - 9 h 30 LUN ¿ VEN AVEC REMORQUAGE
SR-AB,1399,ARRET INT. 6 h30 - 9 h 00 LUN ¿ VEN AVEC REMORQUAGE
SR-AW,60,ARRET INT. 6 h - 9 h 30 LUN ¿ VEN AVEC REMORQUAGE
SR-AY,60,ARRET INT. 6 h - 9 h 30 LUN ¿ VEN  AVEC REMORQUAGE
SR-MC,124,ARRET INT. 6h - 10 h ET 14h30 - 19h30 LUN ¿ VEN AVEC REMORQUAGE
SR-MC,1443,ARRET INT. 6h - 10 h ET 14h30 - 19h30 LUN ¿ VEN AVEC REMORQUAGE
SR-PB,53,ARRET INT. 15 h 30 - 17 h 30 LUN ¿ VEN AVEC REMORQUAGE
SR-QF,37,ARRET INT. 7 h - 9 h 30 et 15 h 30 - 18 h 30 LUN ¿ VEN AVEC REMORQUAGE
SR-QF,58,ARRET INT. 7 h - 9 h 30 et 15 h 30 - 18 h 30 LUN ¿ VEN AVEC REMORQUAGE
SR-QN,57,ARRET INT. 6 h 30 - 9 h 30 LUN ¿ VEN. AVEC REMORQUAGE
SR-QO,58,ARRET INT. 15 h 30 - 18 h 30 LUN ¿ VEN AVEC REMORQUAGE
SR-QP,57,ARRET INT. 6 h 30 - 9 h 30 et 15 h 30 - 18 h 30 LUN ¿ VEN AVEC REMORQUAGE
SR-QP,58,ARRET INT. 6 h 30 - 9 h 30 et 15 h 30 - 18 h 30 LUN ¿ VEN AVEC REMORQUAGE
SR-RN,80,ARRET INT. 15 h - 18 h 30 LUN ¿ VEN AVEC  REMORQUAGE
SR-RQ,122,ARRET. INT. EXCEPT… AUTOBUS 14 h 30 - 19 h  LUN - VEN AVEC REMORQUAGE
SR-SI,186,ARRET INT. 5 h  30 - 9 h 30 et 14 h 30 - 18 h 30 LUN ¿ VEN  AVEC REMORQUAGE
SR-SI,187,ARRET INT. 5 h  30 - 9 h 30 et 14 h 30 - 18 h 30 LUN ¿ VEN  AVEC REMORQUAGE
SR-SK,186,ARRET INT. 14 h 30 - 18 h 30 LUN ¿ VEN  AVEC REMORQUAGE
TEST,174,UTILISATION EN TOUT TEMPS POUR TESTS
UT-24,1472,LUN-VEN 24h (test GTR)
UT-AA,259,LUN-VEN 9h - 18h (test GTR)
UT-AB,1471,LUN-VEN 9h - 20h (test GTR)
UT-AD,63,LUN-DIM 9H-21H 3H MAX (Test GTR)
XX-01,174,Stationnement GRATUIT (24 dÈcembre au 26 dÈcembre) OUT
XX-02,174,Stationnement GRATUIT (31 dÈcembre) OUT
XX-03,174,Stationnement GRATUIT (1 et 2 janvier) OUT
XX-04,174,Stationnement GRATUIT (LUNDI DE P¬QUES 2024) OUT
XX-05,174,Stationnement GRATUIT (F TE PATRIOTES 2023) OUT
XX-06,174,Stationnement GRATUIT (24 JUIN - ST-JEAN-B.) OUT
XX-07,174,Stationnement GRATUIT (1 JUILLET - F TE CANADA) OUT
XX-08,174,Stationnement GRATUIT (F TE DU TRAVAIL 2023) OUT
XX-09,174,Stationnement GRATUIT (ACTION DE GR¬CE 2023) OUT
ZU-01,1496,STAT. INT 21h-22h LUN ‡ SAM (TEST) 
ZU-02,1498,STAT. INT. 5h - 7h LUN ‡ DIM 1 avril au 1 dÈc.
ZU-03,1499,STAT. INT. 6h - 7h LUN ‡ DIM 1 avril au 1 dÈc.
ZU-04,1500,STAT. INT. 6h - 7h LUN ‡ VEN 1 avril au 1 dÈc.
ZU-05,1501,STAT. INT. 6h - 7h LUN et JEU 1 avril au 1 dÈc.
ZU-06,1571,STAT. INT TESTGTR. 19h-20h du LUN au VEN 1 avril au 1 dÈc.
ZU-07,1496,STAT. INT TESTGTR. 21h-22h du LUN au VEN 1 avril au 1 dÈc.
ZU-08,311,STAT. INT. 9 h - 10 h LUN 01 avril au 01 dÈc
ZU-09,1593,STAT. INT. 11 h 30 - 12 h 30 MAR 01 avril au 01 dÈc
ZU-10,1596,STAT. INT. 8 h 30 - 9 h 30 VEN 01 avril au 01 dÈc
ZU-11,1410,STAT. INT. 13 h 30 - 14 h 30 LUN 01 avril au 01 dÈc
ZU-12,1594,STAT. INT. 11 h - 12 h LUN 01 avril au 01 dÈc
ZU-13,1595,STAT. INT. 11h 30 - 12 h 30 LUN 01 avril au 01 dÈc 
ZU-14,1616,STAT. INT. 8 h 30 - 9 h 30 MER 01 avril au 1 dÈc
ZU-15,1618,STAT. INT. 4h-5h LUN ‡ DIM 7 jours
ZU-16,1540,STAT. INT. 8 h - 11 h VEN 01 avril au 01 dÈc
ZU-17,1541,STAT.INT.8H - 11H JEU 01 avril au 01 dÈc
ZU-18,107,STAT. INT. 00h - 7h LUN ‡ DIM 7 jours 1 avril-1dÈcembre
ZU-19,1625,STAT. INT. 5h - 7h LUN ‡ VEN 1 avril au 1 dÈc.
ZU-22,1628,STAT. INT. 23h00 - OOh00 LUN et JEU 1 avril - 1 dÈc.
ZU-23,1630,STAT. INT. 23h - 00h  MAR  - VEN 1 avril - 1 dÈcembre
ZU-24,1635,STAT. INT. 9h-10 MAR 1 avril au 1 dÈcembre
ZU-25,1378,STAT. INT. 13h-14h MER 1 avril au 1 dÈcembre
ZU-26,1637,STAT. INT. 8h-10h JEU 1 avril au 1 dÈcembre
ZU-27,100,STAT. INT. 7 h - 9 h LUN ¿ VEN 1 janvier - 31 dÈcembre
ZU-28,1610,STAT. INT. 9 h 30 - 10 h 30 LUN 01 avril au 01 dÈc
ZU-29,1578,STAT. INT. 7h30-9h Lundi 1 avril-1 dÈcembre
ZV-03,193,STAT. INT. 4 h - 9 h  LUN et JEU 01 nov au 31 dÈc
ZV-04,193,STAT. INT. 4 h - 9 h LUN et JEU 01 jan au 31 mars
ZV-05,193,STAT. INT. 4 h - 9 h MAR et VEN 01 1er nov au 31 dÈc
ZV-06,193,STAT. INT. 4 h - 9 h MAR et VEN 01 jan au 31 mars
ZV-15,1337,STAT. INT. 9 h - 11 h LUN 01 avril au 14 nov
ZV-20,225,STAT. INT. 10 h - 12 h MAR 01 avril au 14 nov
ZV-21,1342,STAT. INT. 7 h - 12 h  MAR et MER et VEN 15 nov au 31 dÈc
ZV-22,1342,STAT. INT. 7 h - 12 h MAR et MER et VEN 01 jan au 31 mars
ZV-23,1343,STAT. INT. 7 h - 12 h LUN et JEU 01 nov au 31 dÈc
ZV-37,96,STAT. INT. 7 h - 8 h 30 LUN et MER et VEN 01 avril au 14 nov
ZV-38,1426,STAT. INT. 7 h - 8 h 30 MAR et JEU 01 avril au 14 nov
ZV-39,1507,STAT. INT. 6 h 30 - 7 h 30 LUN 01 avril au 01 dÈcembre
ZV-40,126,STAT. INT. 7 h - 9 h JEU 01 avril au 14 novembre
ZV-41,134,STAT. INT. 7 h - 9 h MER 01 avril au 14 nov
ZV-42,105,STAT. INT. 7 h - 9  h MAR 01 avril au 14 nov
ZV-43,1540,STAT. INT. 8 h - 11 h VEN 01 avril au 14 nov
ZV-44,1541,STAT. INT. 8 h - 11 h JEU 01 avril au 14 nov
ZV-45,161,STAT. INT. 7 h - 9 h LUN 01 avril au 14 nov
ZV-46,163,STAT. INT. 7 h - 9 h VEN 01 avril au 14 nov
ZV-47,1622,STAT. INT. 10h30 - 13h30 VEN 01 avril au 14 nov
ZV-48,1374,STAT. INT. 12 h30 - 15 30h LUN 01 avril au 14 nov
ZV-49,1510,STAT. INT. 12h30 - 15h30 JEU 01 avril au 14 nov
ZV-50,1511,STAT. INT. 12h30 - 15h30 VEN 01 avril au 14 nov
ZV-51,1513,STAT. INT. 10h30 - 13h30 JEU 01 avril au 14 nov
ZV-53,1509,STAT. INT. 10 h 30 - 13 h 30 VEN 01 avril au 14 nov
ZV-54,1513,STAT. INT. 10 h 30 - 13 h 30 JEU 01 avril au 14 nov
ZV-55,1426,STAT. INT. 7 h - 8 h 30 MAR et JEU 01 avril au 14 nov
ZV-56,1533,STAT. INT. 10 h 30 - 13 h 30 MER 01 avril au 14 nov
ZV-57,1539,STAT. INT. 8 h - 11 h MER 01 avril au 14 nov
ZV-58,302,STAT. INT. 7 h - 8 h 30 VEN 01 avril au 14 nov
ZV-59,95,STAT. INT. 7 h - 8 h 30 LUN 01 avril au 14 nov
ZV-60,1535,STAT. INT. 8h30-10h30 JEU 01avril au 01 dÈc
ZV-61,1537,STAT. INT. 16h30-17h30 LUN et JEU 1 avril--1 dÈc.
ZV-62,1543,STAT. INT. 22 h - 23 h MAR et VEN 01 avril au 01 dÈc
ZV-63,103,STAT. INT. 22 h 30 - 23 h 30 LUN ‡ VEN 01 avril au 01 dÈc
ZV-64,1544,STAT. INT. 8 h - 12 h MER 01 avril au 01 dÈc
ZV-65,161,STAT. INT. 7 h - 9 h LUN 01 avril au 01 dÈc
ZV-68,161,STAT. INT. 7 h - 9 h LUN 15 mars au 15 nov
ZV-70,1549,STAT. INT. 18 h - 19 h MER 01 avril au 01 dÈc
ZV-71,126,STAT. INT. 7 h - 9 h JEU 01 avril au 01 dÈc
ZV-72,1551,STAT. INT. 8 h - 9 h JEU 01 avril au 01 dÈc 
ZV-73,1553,STAT. INT. 18 h 30 - 19 h 30 JEU 01 avril au 01 dÈc
ZV-74,1554,STAT. INT.8 h 30 - 9 h 30 MAR 01 avril au 01 dÈc
ZV-75,1555,STAT. INT. 8 h - 9 h MER 01 avril au 01 dÈc
ZV-76,1556,STAT. INT. 6 h 30 - 7 h 30 MER 01 avril au 01 dÈc
ZV-77,1557,STAT. INT. 18 h - 19 h LUN et MER 01 avril au 01 dÈc
ZV-79,1559,STAT. INT. 13 h - 15 h VEN 01 avril au 30 novembre
ZV-80,105,STAT. INT. 7 h - 9 h MAR 01 avril au 30 novembre
ZV-81,1527,STAT. INT. 9 h - 11 h LUN 01 avril au 30 novembre
ZV-82,1560,STAT. INT. 13 h - 15 h MER. 01 avril au 30 novembre
ZV-83,1524,STAT. INT. 9 h - 11 h JEU 01 avril au 30 novembre
ZV-84,1561,STAT. INT. 13 h - 15 h JEU 01 avril au 30 novembre
ZV-90,1562,STAT. INT. 22h-23h LUN et JEU 1 avril - 1 dÈc.
ZV-91,1563,STAT. INT. 10 h 30 - 11 h 30 LUN 01 avril au 01 dÈc
ZV-93,1578,STAT INT. 7 h 30 - 9 h LUN 01 avril au 01 dÈc
ZV-94,1584,STAT INT. 8 h - 9 h MARDI 01 avril au 01 dÈc
ZV-95,1588,STAT INT. 6 h - 7 h LUNDI 01 avril au 01 dÈc
ZV-96,1585,STAT INT. 6h - 7 h MARDI 01 avril au 01 dÈc
ZV-97,1586,STAT INT. 6h - 7 h MERCREDI 01 avril au 01 dÈc
ZV-98,1587,STAT INT. 6h - 7 h JEUDI 01 avril au 01 dÈc
ZV-99,1592,STAT.INT. 16 h 30 - 17 h 30 MAR 01 avril au 01 dÈc
ZX-01,334,STAT. INT. 13 h - 16 h LUN 01 avril au 01 dÈc.
ZX-02,335,STAT. INT. 9 h - 10 h DIM 01 avril au 01 dÈc.
ZX-03,1352,STAT. INT. 7 h - 8 h LUN et MER et SAM 01 avril au 01 dÈc
ZX-04,1353,STAT. INT. 7 h - 8 h MAR et JEU et DIM 01 avril au 01 dÈc
ZX-05,1354,STAT. INT. 7 h - 9 h LUN et MER et SAM 01 avril au 01 dÈc.
ZX-06,1600,STAT. INT. 8 h - 12 h LUN 01 avril au 01 dÈc
ZX-07,1357,STAT. INT. 12h30 - 13h30  JEU 01 avril au 01 dÈc
ZX-08,1358,STAT. INT. 12 h - 13 h LUN 01 avril au 01 dÈc
ZX-09,1527,STAT. INT. 9 h - 11 h LUN 01 avril au 01 dÈc
ZX-10,75,STAT. INT.6 h 30 - 7 h 30 LUN ¿ VEN 01avril au 01 dÈc.
ZX-11,1362,STAT. INT.6 h 30 - 7 h 30 MAR 01avril au 01 dÈc.
ZX-12,1431,STAT. INT.9 h - 12 h VEN 01 avril au 01 dÈc
ZX-14,1373,STAT. INT. 13 h - 14 h LUN 01 avril au 01 dÈc
ZX-15,1374,STAT. INT. 12 h 30 - 15 h 30 LUN 01 avril au 01 dÈc
ZX-16,1375,STAT. INT. 13 h - 16 h MER 01 avril au 01 dÈc
ZX-17,101,STAT. INT. 8 h - 9 h 7jours sur 7 01 avril au 01 dÈc
ZX-18,1377,STAT. INT. 12h - 13h MAR 01 avril au 01 dÈc.
ZX-19,1378,STAT. INT. 13h - 14h MER 01 avril au 01 dÈc.
ZX-20,1379,STAT. INT. 13h - 14h JEU 01 avril au 01 dÈc.
ZX-21,1380,STAT. INT. 12h - 14h MAR 01 avril au 01 dÈc.
ZX-22,1382,STAT. INT.6 h 30 - 7 h 30 MAR et JEU 01avril au 01 dÈc.
ZX-23,1384,STAT. INT. 13h - 14h MAR 01 avril au 01 dÈc.
ZX-24,1385,STAT. INT. 12h30 - 13h30 LUN 01 avril au 01 dÈc.
ZX-25,1386,STAT. INT. 12h30-13h30 MAR 01 avril au 01 dÈc.
ZX-26,1387,STAT. INT. 12h - 13h JEU 01 avril au 01 dÈc.
ZX-27,1388,STAT. INT. 9h - 10h MER 01 avril au 01 dÈc.
ZX-29,1398,STAT. INT. 17h - 19h LUN et JEU 01 avril au 01 dÈc.
ZX-31,1407,STAT. INT. 17 h - 18 h LUN 01 avril au 01 dÈc
ZX-35,1411,STAT. INT. 14 h - 15 h LUN 01 avril au 01 dÈc
ZX-36,1418,STAT. INT. 7 h ou 8 h 30 - 11h30 MER 01 avril au 01 dÈc.
ZX-37,1419,STAT. INT. 7 h ou 8 h 30 - 11 h 30 JEU 01 avril au 01 dÈc.
ZX-38,1538,STAT. INT. 8 h 30 - 10h30 MER 01 avril au 01 
ZX-40,87,ARR T INT. 7 h - 8 h LUN ET JEU 01 avril au 30 nov
ZX-42,1425,STAT. INT. 13 h 30 - 14 h 30 MAR 01 avril au 01 dÈc
ZX-43,1428,STAT. INT. 20 h - 21 h MER 01 avril au 01 dÈc
ZX-44,1429,STAT. INT. 20 h - 21 h LUN 01 avril au 01 dÈc
ZX-45,1431,STAT. INT. 9 h - 12 h VEN 01 avril au 01 dÈc
ZX-47,1433,STAT. INT. 14 h - 15 h MAR 01 avril au 01 dÈc
ZX-48,1438,STAT. INT.6 h 30 - 7 h 30  JEU 01avril au 01 avril
ZX-49,1439,STAT. INT. 11 h 30- 12 h 30 MER 01 avril au 01 dÈc
ZX-51,1441,STAT. INT. 10 h - 11 h LUN 01 avril au 01 dÈc
ZX-52,1442,STAT. INT. 7 h ou 7 h 30 - 8 h 30 JEU 01 avril au 01 dÈc
ZX-53,1584,ARR T. INT. 8H-9H MARDI 01 avril au 30 novembre
ZX-54,1551,ARR T INT. 8H - 9H JEUDI 01 avril au 30 novembre
ZX-55,1454,ARR T INT. 13h - 15h LUNDI 01 avril au 30 novembre
ZX-57,161,ARR T INT. 7 h - 9 h LUNDI 01 avril au 30 novembre
ZX-58,163,ARR T INT. 7 h - 9 h VENDREDI 01 avril au 30 novembre
ZX-59,134,ARR T INT. 7 h - 9 h MER 01 avril au 30 novembre
ZX-60,126,ARR T INT. 7 h - 9 h JEUDI 01 avril au 30 novembre
ZX-61,164,ARR T INT.  7 h - 8 h MARDI 01 avril au 30 novembre
ZX-63,1463,STAT. INT. 4h - 9h LUN et JEU 15 novembre au 31 dÈcembre + ZX-74
ZX-64,1464,STAT. INT. 9 h 30 - 11 h 30 JEU 01 avril au 01 dÈc
ZX-65,1465,STAT. INT. 13 h -15 h MAR 01 avril au 01 dÈc
ZX-66,1466,STAT. INT. 9 h - 11 h MER 01 avril au 01 dÈc
ZX-67,1467,STAT. INT. 12 h 30 - 14 h 30 MAR 01 avril au 01 dÈc.
ZX-68,1341,STAT. INT. 10 h - 12 h LUN 01 avril au 01 dÈc.
ZX-69,1468,STAT. INT. 12 h - 14 h JEU 01 avril au 01 dÈc
ZX-70,1469,STAT. INT. 13 h - 14 h DIM 01 avril au 01 dÈc
ZX-71,173,STAT. INT. 7 h - 8 h MAR et JEU 01 avril au 01 dÈc
ZX-72,1337,STAT. INT. 7 h ou 8 h - 11 h LUN 01 avril au 01 dÈc
ZX-73,1470,STAT. INT. 13 h - 16 h MAR 01 avril au 01 dÈc
ZX-74,1463,STAT. INT. 4h - 9h LUN et JEU 1 janvier au 31 mars ***
ZX-75,1504,STAT. INT. 12 h 30 - 15 h 30 MAR 01 avril au 01 dÈc
ZX-76,1505,STAT. INT. 7 h ou 8 h 30 - 11 h 30 VEN 01 avril au 01 dÈc
ZX-77,1506,STAT. INT. 12 h 30 - 15 h 30 MER 01 avril au 01 dÈc
ZX-78,216,STAT. INT. 10 h- 11 h LUN et JEU 01 avril au 01 dÈc
ZX-79,1466,STAT. INT. 9 h - 11 h MER 01 avril au 30 novembre
ZX-80,1517,STAT. INT. 22 h 30 - 23 h 30 LUN et JEU 01 avril au 01 dÈc
ZX-81,1522,STAT. INT. 7h30-9h30 JEU 01 avril au 01 dÈc
ZX-82,1523,STAT. INT. 8h30 - 10h30 MAR 01 avril au 01 dÈc
ZX-83,1526,STAT. INT. 9h - 11h MAR 01 avril au 01 dÈc
ZX-84,1519,STAT. INT. 13h30 - 15h30 MAR 01 avril au 01 dÈc
ZX-85,1521,STAT. INT. 9h30 - 11h30 MAR 01 avril au 01 dÈc
ZX-87,1518,STAT. INT. 9h30 - 11h30 LUN 01 avril au 01 dÈc
ZX-89,1524,STAT. INT. 9h - 11h JEU 01 avril au 01 dÈc
ZX-90,1468,STAT. INT. 12h - 14h JEU 01 avril au 01 dÈc
ZX-91,1464,STAT. INT. 9h30 - 11h30 JEU 01 avril au 01 dÈc
ZX-92,1525,STAT. INT. 13h30 - 15h30 LUN 01 avril au 01 dÈc
ZX-93,1528,STAT. INT. 17h-18h MERC 1 avril au 1 dÈcembre
ZX-94,1531,STAT. INT. 18h-19h MAR 01avril au 01 dÈc
ZX-95,1529,STAT. INT. 11h-12h VEN 01avril au 01 dÈc
ZX-96,1530,STAT. INT. 15h30-16h30 VEN 01avril au 01 dÈc
ZX-97,1532,STAT. INT. 18h30-19h30 MAR 01avril au 01 dÈc
ZX-98,1536,STAT. INT. 13h30-15h30 MER 01avril au 01 dÈc
ZX-99,1534,STAT. INT. 8h30-10h30 LUN 01avril au 01 dÈc
ZY-01,1601,STAT. INT. 7 h 30 - 8 h 30 MER 01 avril au 01 dÈc
ZY-03,190,STAT. INT.7 h 30 ou 8 h 30 - 9 h 30 MAR ET VEN 01 avril au 01 dÈc
ZY-06,176,ARRET INT. 15 h  30 - 24 h LUN  ¿ VEN 11 h 30 - 24 h SAM et DIM (16 au 26 juillet - JUSTE POUR RIRE 2009)
ZY-06,177,ARRET INT. 15 h  30 - 24 h LUN  ¿ VEN 11 h 30 - 24 h SAM et DIM (16 au 26 juillet - JUSTE POUR RIRE 2009)
ZY-06,206,ARRET INT. 15 h  30 - 24 h LUN  ¿ VEN 11 h 30 - 24 h SAM et DIM (16 au 26 juillet - JUSTE POUR RIRE 2009)
ZY-09,213,STAT. INT. 19 h - 20 h LUN et MER 01 avril au 01 dÈc
ZY-10,214,STAT. INT. 19 h - 20 h MAR et JEU 01 avril au 01 dÈc
ZY-11,198,STAT. INT. 12 h - 13 h VEN  01 avril au 01 dÈc
ZY-14,1620,STAT. INT.7 h 30 - 8 h 30 MAR ET VEN 01 avril au 01 dÈc
ZY-16,79,STAT. INT.7 h 30 - 8 h 30 7 jours sur 7 01 AVRIL au 01 dÈc
ZY-17,215,STAT. INT. 9 h 30 - 10 h 30 JEU 01 avril au 01 dÈc
ZY-18,220,STAT. INT. 9 h 30 - 10 h 30 MAR 01 avril au 01 dÈc
ZY-22,1624,STAT. INT.7 h 30 - 8 h 30 LUN ¿ VEN 01 avril au 01 dÈc.
ZY-23,135,STAT. INT.6 h 30 - 7 h 30 SAM et DIM 01 avril au 01 dÈc
ZY-24,1602,STAT. INT.7 h 30 - 8 h 30 SAM et DIM 01 avril au 01 dÈc 
ZY-25,137,STAT. INT. 6 h 30 ou 7 h 30 - 8 h 30 MAR 01 avril au 01 dÈc
ZY-28,93,STAT. INT. 6 h 30 - 7 h 30 LUN et JEU 01 avril au 01 dÈcembre
ZY-29,94,STAT. INT. 6 h 30 - 7 h 30 MAR et VEN 01 avril au 01 dÈcembre
ZY-30,1590,STAT. INT. 7 h 30 - 8 h 30 LUN 01 avril au 01 dÈcembre
ZY-32,100,STAT. INT. 7 h ou 7 h 30 - 9 h LUN ¿ VEN 01 avril au 01 dÈcembre
ZY-33,91,STAT. INT. 7 h - 9 h LUN et JEU 01 avril au 01 dÈc
ZY-34,92,STAT. INT. 7 h - 9 h MAR et VEN 01 avril au 01 dÈc
ZY-35,216,STAT. INT. 10 h - 11 h LUN et JEU 01 avril au 01 dÈcembre
ZY-39,1545,ARR T INT. 8 h - 9 h LUN ET MER 01 avril au 30 nov
ZY-39,1555,ARR T INT. 8 h - 9 h LUN ET MER 01 avril au 30 nov
ZY-40,105,ARR T INT. 8 h - 9 h MAR ET JEU 01 avril au 30 nov
ZY-40,126,ARR T INT. 8 h - 9 h MAR ET JEU 01 avril au 30 nov
ZY-42,1603,ARR T INT. 8 h - 10 h MER 01 avril au 30 nov
ZY-44,173,ARR T INT. 7 h - 8 h MAR ET JEU 01 avril au 30 nov
ZY-45,132,STATIONNEMENT  INT. 7 h - 8 h LUN ET MER 01 avril au 1 dÈc
ZY-45,160,STATIONNEMENT  INT. 7 h - 8 h LUN ET MER 01 avril au 1 dÈc
ZY-48,226,STAT. INT. 8h ou 9 h - 10 h MER 01 avril au 01 dÈc
ZY-50,229,STAT. INT. 9 h 30 - 10 h 30 MAR et VEN 01 avril au 01 dÈc
ZY-51,228,STAT. INT. 9 h 30 - 10 h 30 LUN ET JEU 01 avril au 01 dÈc
ZY-52,160,STAT. INT. 7 h - 8 h MER 01 avril au 01 dÈc
ZY-53,231,STAT. INT. 9 h 30 - 10 h 30 MER 01 avril au 01 dÈc
ZY-54,1605,STAT. INT. 8 h - 9 h MER et VEN 01 avril au 01 dÈc
ZY-55,238,STAT. INT. 10 h - 11 h MER 01 avril au 01 dÈc
ZY-56,239,STAT. INT. 10 h - 11 h VEN 01 avril au 01 dÈc
ZY-58,242,STAT. INT.7 h 30 ou 8 h 30 - 9 h 30 LUN 01 avril au 01 dÈc
ZY-59,243,STAT. INT.7 h - 9 h 30 MER 01 avril au 01 dÈc
ZY-60,245,STAT. INT. 10 h - 11 h MAR et VEN 01 avril au 01 dÈc
ZY-62,247,STAT. INT.12 h 30 - 13 h 30 VEN 01 avril au 01 dÈc
ZY-64,262,STAT. INT. 10h30 - 11h30 MER 01avril au 01 dÈc
ZY-65,263,STAT. INT. 10h30 - 11h30 VEN 01avril au 01 dÈc
ZY-66,231,STAT. INT. 9h30 - 10h30 MER 01avril au 01 dÈc
ZY-67,264,STAT. INT. 9h30 - 10h30 VEN 01avril au 01 dÈc
ZY-68,1607,STAT. INT. 9h - 10h VEN 01avril au 01 dÈc
ZY-69,266,STAT. INT. 13h - 14h VEN 01avril au 01 dÈc
ZY-70,267,STAT. INT. 12h30 - 13h30  MER 01 avril au 01 dÈc
ZY-71,268,STAT. INT. 13h30 - 14h30  VEN 01 avril au 01 dÈc
ZY-72,269,STAT. INT. 14h - 15h VEN 01 avril au 01 dÈc
ZY-73,270,STAT. INT. 10h - 11h JEU 01 avril au 01 dÈc
ZY-75,275,STAT. INT. 10h30 - 11h30 MAR 01avril au 01 dÈc
ZY-76,134,STAT. INT. 7 h 30 - 9 h MER 01 avril au 01 dÈc
ZY-77,278,STAT. INT. 10h30 - 11h30 JEU 01avril au 01 dÈc
ZY-78,1638,STAT. INT. 9h - 10h JEU 01 avril au 01 dÈc
ZY-81,282,STAT. INT. 18h30 - 19h30 LUN 01 avril au 01 dÈc
ZY-82,281,STAT. INT. 19h - 20h MAR 01 avril au 01 dÈc
ZY-84,291,STAT. INT. 7 h - 9 h 30 MAR 01avril au 01 dÈc
ZY-85,292,STAT. INT. 7 h - 9 h 30 JEU 01avril au 01 dÈc
ZY-86,293,STAt. INT. 14 h - 15 h MER 01 avril au 01 dÈc
ZY-87,1608,STAt. INT. 8 h - 12 h JEU 01 avril au 01 dÈc
ZY-88,301,STAT. INT. 10h - 11h MAR 01 avril au 01 dÈc
ZY-89,1609,STAT. INT. 7 h 30 - 8 h 30 VEN 01 avril au 01 dÈc
ZY-90,303,STAT. INT. 7 h - 8 h MER et VEN 01 avril au 01 dÈc
ZY-91,1610,STAT. INT. 9 h 30 - 10 h30 LUN 01 avril au 01 dÈc
ZY-93,1611,STAT. INT. 8 h - 9 h DIM 01 avril au 01 dÈc
ZY-94,1612,STAT. INT. 8 h - 9 h SAM 01 avril au 01 dÈc
ZY-95,160,ARR t INT. 7 h - 8 h MER 01 avril au 30 nov
ZY-96,318,STAT. INT. 16 h 30 - 17 h 30 LUN au VEN 01 avril au 01 dÈc
ZY-97,331,STAT. INT. 9 h 30 - 10 h30 LUN ¿ VEN 01 avril au 01 dÈc
ZY-98,330,STAT. INT. 12 h - 13 h LUN ¿ VEN 01 avril au 01 dÈc
ZY-99,1524,STAT. INT. 9 h - 11 h MAR et JEU 01 avril au 01 dÈc
ZY-99,1526,STAT. INT. 9 h - 11 h MAR et JEU 01 avril au 01 dÈc
ZZ-01,76,STAT. INT.7 h - 8 h LUN ¿ VEN 01 avril au 01 dÈc.
ZZ-02,1473,STAT. INT.8 h - 9 h LUN ¿ VEN 01 avril au 01 dÈc.
ZZ-03,76,STAT. INT.7 h  - 8 h   LUN ¿ VEN 01 avril au 01 dÈc.
ZZ-06,1615,ARRET INT. 7 h 30 - 9 h 30 LUN ¿ VEN
ZZ-12,87,STAT. INT. 7 h - 8 h LUN et JEU 1 avril au 1 dÈcembre
ZZ-16,1584,STAT. INT. 8 h - 9 h MAR ET VEN 01 mars au 1 dÈcembre
ZZ-16,1613,STAT. INT. 8 h - 9 h MAR ET VEN 01 mars au 1 dÈcembre
ZZ-23,100,STAT. INT. 7 h - 9 h LUN ¿ VEN 01 avril au 01 dÈcembre
ZZ-24,101,STAT. INT. 7 h - 9 h - 1er mai au 31 oct.
ZZ-27,103,STAT. INT. 22h30 - 23 h 30 LUN ¿ VEN 01 mars au 01 dÈc.
ZZ-51,76,STAT. INT.7 h - 8 h LUN ¿ VEN 01 avril au 01 dÈc
ZZ-52,75,STAT. INT.6 h 30 - 7 h 30 LUN ¿ VEN 01 avril au 01 dec
ZZ-53,1473,STAT. INT. 8 h - 9 h LUN ¿ VEN 01 avril au 01 dÈc
ZZ-54,1545,STAT. INT. 8 h - 9 h LUN et JEU 01 avril au 01 dÈc
ZZ-54,1551,STAT. INT. 8 h - 9 h LUN et JEU 01 avril au 01 dÈc
ZZ-55,1584,STAT. INT. 8 h - 9 h MAR et VEN 01 avril au 01 dÈc
ZZ-55,1613,STAT. INT. 8 h - 9 h MAR et VEN 01 avril au 01 dÈc
ZZ-56,1474,STAT. INT. 8 h - 9 h30 LUN ¿ VEN 01 avril au 01 dÈc
ZZ-57,139,STAT. INT. 7 h - 8 h LUN et MER 01 avril au 01 dÈc
ZZ-60,88,STAT. INT. 7 h - 8 h MAR et VEN 01 avril au 01 dÈc
ZZ-65,160,STAT. INT. 7 h - 8 h MER 01 avril au 01 dÈc
ZZ-66,132,STAT. INT. 7 h - 8 h LUN 01 avril au 01 dÈc
ZZ-67,1545,STAT. INT. 8 h - 9 h LUN 01 avril au 01 dÈc
ZZ-68,1555,STAT. INT. 8 h - 9 h MER 01 avril au 01 dÈc
ZZ-69,1597,STAT. INT.7 h 30 - 8 h 30 LUN ET JEU 01 avril au 01 dÈc
ZZ-71,87,STAT. INT. 7 h - 8 h LUN ET JEU 01 avril au 01 dÈc
ZZ-72,1613,STAT. INT. 8 h - 9 h VEN 01 avril au 01 dÈc
ZZ-73,1584,STAT. INT.8 h - 9 h MAR 01 avril au 01 dÈc
ZZ-74,1550,STAT. INT. 7 h 30 - 9 h JEU 01 avril au 01 dÈc
ZZ-75,133,STAT. INT. 7 h - 8 h JEU 01 avril au 01 dÈc
ZZ-76,164,STAT. INT. 7 h - 8 h MAR 01 avril au 01 dÈc
ZZ-83,1651,STAT. INT. 8 h - 10 h LUN 1 avr au 1 dec
ZZ-89,173,STAT. INT. 7 h - 8 h MAR ET JEU 01 avril au 01 dÈc
ZZ-91,105,STAT. INT. 7 h - 9 h MAR 01 avril au 01 dÈc
ZZ-93,1545,STAT. INT. 8 h - 9 h LUN ET MER 01 avril au 01 dÈc
ZZ-93,1555,STAT. INT. 8 h - 9 h LUN ET MER 01 avril au 01 dÈc
ZZ-94,1614,STAT. INT.8 h 30 - 9 h 30 LUN ET JEU 01 avril au 01 dÈc
ZZ-96,1545,STAT. INT. 8 h - 9 h LUN et MER 01 avril au 01 dÈc
ZZ-96,1555,STAT. INT. 8 h - 9 h LUN et MER 01 avril au 01 dÈc
ZZ-97,169,STAT. INT. 7 h ou 8 h - 9 h MAR et JEU 01 avril au 01 dÈc
ZZ-98,168,STAT. INT. 7 h - 9 h LUN et MER 01 avril au 01 dÈc
ZZ-99,169,STAT. INT. 7 h - 9 h MAR et JEU 01 avril au 01 dÈc
